{"initial_reset_timestamp": 1629389717.322211, "timestamps": [1629389738.6443799], "episode_lengths": [629], "episode_rewards": [261.0541050118794], "episode_types": ["t"]}