{"initial_reset_timestamp": 1628691063.0685203, "timestamps": [1628691064.1740396], "episode_lengths": [99], "episode_rewards": [-27.117367431155117], "episode_types": ["t"]}