{"initial_reset_timestamp": 1629389931.8708081, "timestamps": [1629389953.3025582], "episode_lengths": [629], "episode_rewards": [261.0541050118794], "episode_types": ["t"]}