{"initial_reset_timestamp": 1629389631.3759522, "timestamps": [1629389652.7514548], "episode_lengths": [629], "episode_rewards": [160.05410501187922], "episode_types": ["t"]}