{"initial_reset_timestamp": 1629389846.0749083, "timestamps": [1629389867.4585102], "episode_lengths": [629], "episode_rewards": [231.0541050118794], "episode_types": ["t"]}