{"initial_reset_timestamp": 1629389609.9380174, "timestamps": [1629389631.2826755], "episode_lengths": [629], "episode_rewards": [230.05410501187941], "episode_types": ["t"]}