{"initial_reset_timestamp": 1628278987.5899122, "timestamps": [1628278988.5248034], "episode_lengths": [70], "episode_rewards": [-578.5102609788087], "episode_types": ["t"]}