{"initial_reset_timestamp": 1628613258.3572602, "timestamps": [1628613259.6633651], "episode_lengths": [138], "episode_rewards": [-960.4154632342717], "episode_types": ["t"]}