{"initial_reset_timestamp": 1628692390.4375641, "timestamps": [1628692392.253683], "episode_lengths": [101], "episode_rewards": [-573.8431137039094], "episode_types": ["t"]}