{"initial_reset_timestamp": 1629389567.0654154, "timestamps": [1629389588.4275787], "episode_lengths": [629], "episode_rewards": [176.05410501187916], "episode_types": ["t"]}