{"initial_reset_timestamp": 1628624521.930383, "timestamps": [1628624522.6274538], "episode_lengths": [68], "episode_rewards": [-532.0726007818664], "episode_types": ["t"]}