{"initial_reset_timestamp": 1628612611.620829, "timestamps": [1628612612.266377], "episode_lengths": [63], "episode_rewards": [-314.37763190767447], "episode_types": ["t"]}