{"initial_reset_timestamp": 1629389867.5401814, "timestamps": [1629389888.8943958], "episode_lengths": [629], "episode_rewards": [226.05410501187944], "episode_types": ["t"]}