{"initial_reset_timestamp": 1628625172.9538493, "timestamps": [1628625181.7874408], "episode_lengths": [1000], "episode_rewards": [128.06474014566953], "episode_types": ["t"]}