{"initial_reset_timestamp": 1628615378.843524, "timestamps": [1628615380.5824192], "episode_lengths": [178], "episode_rewards": [36.651698071673195], "episode_types": ["t"]}