{"initial_reset_timestamp": 1628632375.5241683, "timestamps": [1628632377.6010804], "episode_lengths": [136], "episode_rewards": [24.00334266834382], "episode_types": ["t"]}