{"initial_reset_timestamp": 1629389803.091257, "timestamps": [1629389824.4704576], "episode_lengths": [629], "episode_rewards": [225.05410501187947], "episode_types": ["t"]}