{"initial_reset_timestamp": 1629389910.4610097, "timestamps": [1629389931.8003209], "episode_lengths": [629], "episode_rewards": [261.0541050118794], "episode_types": ["t"]}