{"initial_reset_timestamp": 1629389652.825632, "timestamps": [1629389674.2371192], "episode_lengths": [629], "episode_rewards": [240.0541050118795], "episode_types": ["t"]}