{"initial_reset_timestamp": 1629389888.9641907, "timestamps": [1629389910.363198], "episode_lengths": [629], "episode_rewards": [261.0541050118794], "episode_types": ["t"]}