{"initial_reset_timestamp": 1628179802.8451545, "timestamps": [1628179809.680801], "episode_lengths": [550], "episode_rewards": [160.4469543853956], "episode_types": ["t"]}