{"initial_reset_timestamp": 1628696533.7679212, "timestamps": [1628696536.6232882], "episode_lengths": [289], "episode_rewards": [272.6220139338854], "episode_types": ["t"]}