{"initial_reset_timestamp": 1628279238.9810724, "timestamps": [1628279240.2411458], "episode_lengths": [141], "episode_rewards": [-24.352797255846085], "episode_types": ["t"]}