{"initial_reset_timestamp": 1628613598.441359, "timestamps": [1628613607.236232], "episode_lengths": [1000], "episode_rewards": [-51.46389666808265], "episode_types": ["t"]}