{"initial_reset_timestamp": 1629389824.5761096, "timestamps": [1629389846.0058577], "episode_lengths": [629], "episode_rewards": [137.05410501187936], "episode_types": ["t"]}