{"initial_reset_timestamp": 1629389695.769027, "timestamps": [1629389717.208279], "episode_lengths": [629], "episode_rewards": [261.0541050118794], "episode_types": ["t"]}