{"initial_reset_timestamp": 1629389588.4801126, "timestamps": [1629389609.8632586], "episode_lengths": [629], "episode_rewards": [222.05410501187944], "episode_types": ["t"]}