{"initial_reset_timestamp": 1628691369.950683, "timestamps": [1628691371.514599], "episode_lengths": [145], "episode_rewards": [44.06709898029649], "episode_types": ["t"]}