{"initial_reset_timestamp": 1629389674.3342638, "timestamps": [1629389695.6893241], "episode_lengths": [629], "episode_rewards": [232.05410501187944], "episode_types": ["t"]}