{"initial_reset_timestamp": 1628697204.7750099, "timestamps": [1628697207.6521213], "episode_lengths": [282], "episode_rewards": [301.7006851165063], "episode_types": ["t"]}