{"initial_reset_timestamp": 1628691023.5470943, "timestamps": [1628691029.0505757], "episode_lengths": [545], "episode_rewards": [238.76431167947533], "episode_types": ["t"]}