{"initial_reset_timestamp": 1629389738.73574, "timestamps": [1629389760.1469357], "episode_lengths": [629], "episode_rewards": [261.0541050118794], "episode_types": ["t"]}