{"initial_reset_timestamp": 1628696925.1898813, "timestamps": [1628696928.7019567], "episode_lengths": [362], "episode_rewards": [234.31563815405593], "episode_types": ["t"]}