{"initial_reset_timestamp": 1629389760.2185633, "timestamps": [1629389781.5988877], "episode_lengths": [629], "episode_rewards": [159.05410501187922], "episode_types": ["t"]}