{"initial_reset_timestamp": 1629389781.7217386, "timestamps": [1629389803.00118], "episode_lengths": [629], "episode_rewards": [216.05410501187947], "episode_types": ["t"]}